QC and logs/Jensen-Shannon distance plot	/projects/pfenninggroup/mouseCxStr/PTHS_interneurons/TCF4_ChIP-seq/ENCODE2021_ChIPseq/qc/ENCFF752LTA.jsd_plot.png	None
Alignment/Control 1/TAG-ALIGN	/projects/pfenninggroup/mouseCxStr/PTHS_interneurons/TCF4_ChIP-seq/ENCODE2021_ChIPseq/align/ctl1/ENCFF981WVH.tagAlign.gz	None
Alignment/Control 2/TAG-ALIGN	/projects/pfenninggroup/mouseCxStr/PTHS_interneurons/TCF4_ChIP-seq/ENCODE2021_ChIPseq/align/ctl2/ENCFF160ORG.tagAlign.gz	None
Alignment/Pooled control/TAG-ALIGN	/projects/pfenninggroup/mouseCxStr/PTHS_interneurons/TCF4_ChIP-seq/ENCODE2021_ChIPseq/align/pooled-ctl/ctl.pooled.tagAlign.gz	None
Alignment/Replicate 1/TAG-ALIGN	/projects/pfenninggroup/mouseCxStr/PTHS_interneurons/TCF4_ChIP-seq/ENCODE2021_ChIPseq/align/rep1/ENCFF752LTA.tagAlign.gz	None
Alignment/Replicate 2/TAG-ALIGN	/projects/pfenninggroup/mouseCxStr/PTHS_interneurons/TCF4_ChIP-seq/ENCODE2021_ChIPseq/align/rep2/ENCFF752LTA.tagAlign.gz	None
Alignment/Replicate 1/Pseudoreplicate 1/TAG-ALIGN	/projects/pfenninggroup/mouseCxStr/PTHS_interneurons/TCF4_ChIP-seq/ENCODE2021_ChIPseq/align/rep1/pseudorep1/ENCFF752LTA.pr1.tagAlign.gz	None
Alignment/Replicate 2/Pseudoreplicate 1/TAG-ALIGN	/projects/pfenninggroup/mouseCxStr/PTHS_interneurons/TCF4_ChIP-seq/ENCODE2021_ChIPseq/align/rep2/pseudorep1/ENCFF752LTA.pr1.tagAlign.gz	None
Alignment/Replicate 1/Pseudoreplicate 2/TAG-ALIGN	/projects/pfenninggroup/mouseCxStr/PTHS_interneurons/TCF4_ChIP-seq/ENCODE2021_ChIPseq/align/rep1/pseudorep2/ENCFF752LTA.pr2.tagAlign.gz	None
Alignment/Replicate 2/Pseudoreplicate 2/TAG-ALIGN	/projects/pfenninggroup/mouseCxStr/PTHS_interneurons/TCF4_ChIP-seq/ENCODE2021_ChIPseq/align/rep2/pseudorep2/ENCFF752LTA.pr2.tagAlign.gz	None
Alignment/Pooled replicate/TAG-ALIGN	/projects/pfenninggroup/mouseCxStr/PTHS_interneurons/TCF4_ChIP-seq/ENCODE2021_ChIPseq/align/pooled-rep/rep.pooled.tagAlign.gz	None
Alignment/Pooled replicate/Pseudoreplicate 1/TAG-ALIGN	/projects/pfenninggroup/mouseCxStr/PTHS_interneurons/TCF4_ChIP-seq/ENCODE2021_ChIPseq/align/pooled-rep/pseudorep1/rep-pr1.pooled.tagAlign.gz	None
Alignment/Pooled replicate/Pseudoreplicate 2/TAG-ALIGN	/projects/pfenninggroup/mouseCxStr/PTHS_interneurons/TCF4_ChIP-seq/ENCODE2021_ChIPseq/align/pooled-rep/pseudorep2/rep-pr2.pooled.tagAlign.gz	None
QC and logs/Replicate 1/Cross-correlation Plot	/projects/pfenninggroup/mouseCxStr/PTHS_interneurons/TCF4_ChIP-seq/ENCODE2021_ChIPseq/qc/rep1/ENCFF752LTA.no_chrM.R1.15M.cc.plot.png	None
QC and logs/Replicate 2/Cross-correlation Plot	/projects/pfenninggroup/mouseCxStr/PTHS_interneurons/TCF4_ChIP-seq/ENCODE2021_ChIPseq/qc/rep2/ENCFF752LTA.no_chrM.R1.15M.cc.plot.png	None
QC and logs/Replicate 1/Cross-correlation score	/projects/pfenninggroup/mouseCxStr/PTHS_interneurons/TCF4_ChIP-seq/ENCODE2021_ChIPseq/qc/rep1/ENCFF752LTA.no_chrM.R1.15M.cc.qc	None
QC and logs/Replicate 2/Cross-correlation score	/projects/pfenninggroup/mouseCxStr/PTHS_interneurons/TCF4_ChIP-seq/ENCODE2021_ChIPseq/qc/rep2/ENCFF752LTA.no_chrM.R1.15M.cc.qc	None
Peak/Replicate 1/Raw narrowpeak	/projects/pfenninggroup/mouseCxStr/PTHS_interneurons/TCF4_ChIP-seq/ENCODE2021_ChIPseq/peak/rep1/ENCFF752LTA_x_ctl.pooled.270M.300K.regionPeak.gz	None
Peak/Replicate 2/Raw narrowpeak	/projects/pfenninggroup/mouseCxStr/PTHS_interneurons/TCF4_ChIP-seq/ENCODE2021_ChIPseq/peak/rep2/ENCFF752LTA_x_ctl.pooled.270M.300K.regionPeak.gz	None
Peak/Replicate 1/Blacklist-filtered narrowpeak	/projects/pfenninggroup/mouseCxStr/PTHS_interneurons/TCF4_ChIP-seq/ENCODE2021_ChIPseq/peak/rep1/ENCFF752LTA_x_ctl.pooled.270M.300K.bfilt.regionPeak.gz	None
Peak/Replicate 2/Blacklist-filtered narrowpeak	/projects/pfenninggroup/mouseCxStr/PTHS_interneurons/TCF4_ChIP-seq/ENCODE2021_ChIPseq/peak/rep2/ENCFF752LTA_x_ctl.pooled.270M.300K.bfilt.regionPeak.gz	None
Peak/Replicate 1/Blacklist-filtered narrowpeak (BigBed)	/projects/pfenninggroup/mouseCxStr/PTHS_interneurons/TCF4_ChIP-seq/ENCODE2021_ChIPseq/peak/rep1/ENCFF752LTA_x_ctl.pooled.270M.300K.bfilt.regionPeak.bb	None
Peak/Replicate 2/Blacklist-filtered narrowpeak (BigBed)	/projects/pfenninggroup/mouseCxStr/PTHS_interneurons/TCF4_ChIP-seq/ENCODE2021_ChIPseq/peak/rep2/ENCFF752LTA_x_ctl.pooled.270M.300K.bfilt.regionPeak.bb	None
Peak/Replicate 1/Blacklist-filtered narrowpeak (starch)	/projects/pfenninggroup/mouseCxStr/PTHS_interneurons/TCF4_ChIP-seq/ENCODE2021_ChIPseq/peak/rep1/ENCFF752LTA_x_ctl.pooled.270M.300K.bfilt.regionPeak.starch	None
Peak/Replicate 2/Blacklist-filtered narrowpeak (starch)	/projects/pfenninggroup/mouseCxStr/PTHS_interneurons/TCF4_ChIP-seq/ENCODE2021_ChIPseq/peak/rep2/ENCFF752LTA_x_ctl.pooled.270M.300K.bfilt.regionPeak.starch	None
Peak/Replicate 1/Blacklist-filtered narrowpeak (hammock)	/projects/pfenninggroup/mouseCxStr/PTHS_interneurons/TCF4_ChIP-seq/ENCODE2021_ChIPseq/peak/rep1/ENCFF752LTA_x_ctl.pooled.270M.300K.bfilt.regionPeak.hammock.gz	None
Peak/Replicate 2/Blacklist-filtered narrowpeak (hammock)	/projects/pfenninggroup/mouseCxStr/PTHS_interneurons/TCF4_ChIP-seq/ENCODE2021_ChIPseq/peak/rep2/ENCFF752LTA_x_ctl.pooled.270M.300K.bfilt.regionPeak.hammock.gz	None
QC and logs/Replicate 1/Fraction of peaks in reads	/projects/pfenninggroup/mouseCxStr/PTHS_interneurons/TCF4_ChIP-seq/ENCODE2021_ChIPseq/qc/rep1/ENCFF752LTA_x_ctl.pooled.270M.300K.bfilt.frip.qc	None
QC and logs/Replicate 2/Fraction of peaks in reads	/projects/pfenninggroup/mouseCxStr/PTHS_interneurons/TCF4_ChIP-seq/ENCODE2021_ChIPseq/qc/rep2/ENCFF752LTA_x_ctl.pooled.270M.300K.bfilt.frip.qc	None
Peak/Replicate 1/Pseudoreplicate 1/Raw narrowpeak	/projects/pfenninggroup/mouseCxStr/PTHS_interneurons/TCF4_ChIP-seq/ENCODE2021_ChIPseq/peak/rep1/pseudorep1/ENCFF752LTA.pr1_x_ctl.pooled.270M.300K.regionPeak.gz	None
Peak/Replicate 2/Pseudoreplicate 1/Raw narrowpeak	/projects/pfenninggroup/mouseCxStr/PTHS_interneurons/TCF4_ChIP-seq/ENCODE2021_ChIPseq/peak/rep2/pseudorep1/ENCFF752LTA.pr1_x_ctl.pooled.270M.300K.regionPeak.gz	None
Peak/Replicate 1/Pseudoreplicate 1/Blacklist-filtered narrowpeak	/projects/pfenninggroup/mouseCxStr/PTHS_interneurons/TCF4_ChIP-seq/ENCODE2021_ChIPseq/peak/rep1/pseudorep1/ENCFF752LTA.pr1_x_ctl.pooled.270M.300K.bfilt.regionPeak.gz	None
Peak/Replicate 2/Pseudoreplicate 1/Blacklist-filtered narrowpeak	/projects/pfenninggroup/mouseCxStr/PTHS_interneurons/TCF4_ChIP-seq/ENCODE2021_ChIPseq/peak/rep2/pseudorep1/ENCFF752LTA.pr1_x_ctl.pooled.270M.300K.bfilt.regionPeak.gz	None
Peak/Replicate 1/Pseudoreplicate 1/Blacklist-filtered narrowpeak (BigBed)	/projects/pfenninggroup/mouseCxStr/PTHS_interneurons/TCF4_ChIP-seq/ENCODE2021_ChIPseq/peak/rep1/pseudorep1/ENCFF752LTA.pr1_x_ctl.pooled.270M.300K.bfilt.regionPeak.bb	None
Peak/Replicate 2/Pseudoreplicate 1/Blacklist-filtered narrowpeak (BigBed)	/projects/pfenninggroup/mouseCxStr/PTHS_interneurons/TCF4_ChIP-seq/ENCODE2021_ChIPseq/peak/rep2/pseudorep1/ENCFF752LTA.pr1_x_ctl.pooled.270M.300K.bfilt.regionPeak.bb	None
Peak/Replicate 1/Pseudoreplicate 1/Blacklist-filtered narrowpeak (starch)	/projects/pfenninggroup/mouseCxStr/PTHS_interneurons/TCF4_ChIP-seq/ENCODE2021_ChIPseq/peak/rep1/pseudorep1/ENCFF752LTA.pr1_x_ctl.pooled.270M.300K.bfilt.regionPeak.starch	None
Peak/Replicate 2/Pseudoreplicate 1/Blacklist-filtered narrowpeak (starch)	/projects/pfenninggroup/mouseCxStr/PTHS_interneurons/TCF4_ChIP-seq/ENCODE2021_ChIPseq/peak/rep2/pseudorep1/ENCFF752LTA.pr1_x_ctl.pooled.270M.300K.bfilt.regionPeak.starch	None
Peak/Replicate 1/Pseudoreplicate 1/Blacklist-filtered narrowpeak (hammock)	/projects/pfenninggroup/mouseCxStr/PTHS_interneurons/TCF4_ChIP-seq/ENCODE2021_ChIPseq/peak/rep1/pseudorep1/ENCFF752LTA.pr1_x_ctl.pooled.270M.300K.bfilt.regionPeak.hammock.gz	None
Peak/Replicate 2/Pseudoreplicate 1/Blacklist-filtered narrowpeak (hammock)	/projects/pfenninggroup/mouseCxStr/PTHS_interneurons/TCF4_ChIP-seq/ENCODE2021_ChIPseq/peak/rep2/pseudorep1/ENCFF752LTA.pr1_x_ctl.pooled.270M.300K.bfilt.regionPeak.hammock.gz	None
QC and logs/Replicate 1/Pseudoreplicate 1/Fraction of peaks in reads	/projects/pfenninggroup/mouseCxStr/PTHS_interneurons/TCF4_ChIP-seq/ENCODE2021_ChIPseq/qc/rep1/pseudorep1/ENCFF752LTA.pr1_x_ctl.pooled.270M.300K.bfilt.frip.qc	None
QC and logs/Replicate 2/Pseudoreplicate 1/Fraction of peaks in reads	/projects/pfenninggroup/mouseCxStr/PTHS_interneurons/TCF4_ChIP-seq/ENCODE2021_ChIPseq/qc/rep2/pseudorep1/ENCFF752LTA.pr1_x_ctl.pooled.270M.300K.bfilt.frip.qc	None
Peak/Replicate 1/Pseudoreplicate 2/Raw narrowpeak	/projects/pfenninggroup/mouseCxStr/PTHS_interneurons/TCF4_ChIP-seq/ENCODE2021_ChIPseq/peak/rep1/pseudorep2/ENCFF752LTA.pr2_x_ctl.pooled.270M.300K.regionPeak.gz	None
Peak/Replicate 2/Pseudoreplicate 2/Raw narrowpeak	/projects/pfenninggroup/mouseCxStr/PTHS_interneurons/TCF4_ChIP-seq/ENCODE2021_ChIPseq/peak/rep2/pseudorep2/ENCFF752LTA.pr2_x_ctl.pooled.270M.300K.regionPeak.gz	None
Peak/Replicate 1/Pseudoreplicate 2/Blacklist-filtered narrowpeak	/projects/pfenninggroup/mouseCxStr/PTHS_interneurons/TCF4_ChIP-seq/ENCODE2021_ChIPseq/peak/rep1/pseudorep2/ENCFF752LTA.pr2_x_ctl.pooled.270M.300K.bfilt.regionPeak.gz	None
Peak/Replicate 2/Pseudoreplicate 2/Blacklist-filtered narrowpeak	/projects/pfenninggroup/mouseCxStr/PTHS_interneurons/TCF4_ChIP-seq/ENCODE2021_ChIPseq/peak/rep2/pseudorep2/ENCFF752LTA.pr2_x_ctl.pooled.270M.300K.bfilt.regionPeak.gz	None
Peak/Replicate 1/Pseudoreplicate 2/Blacklist-filtered narrowpeak (BigBed)	/projects/pfenninggroup/mouseCxStr/PTHS_interneurons/TCF4_ChIP-seq/ENCODE2021_ChIPseq/peak/rep1/pseudorep2/ENCFF752LTA.pr2_x_ctl.pooled.270M.300K.bfilt.regionPeak.bb	None
Peak/Replicate 2/Pseudoreplicate 2/Blacklist-filtered narrowpeak (BigBed)	/projects/pfenninggroup/mouseCxStr/PTHS_interneurons/TCF4_ChIP-seq/ENCODE2021_ChIPseq/peak/rep2/pseudorep2/ENCFF752LTA.pr2_x_ctl.pooled.270M.300K.bfilt.regionPeak.bb	None
Peak/Replicate 1/Pseudoreplicate 2/Blacklist-filtered narrowpeak (starch)	/projects/pfenninggroup/mouseCxStr/PTHS_interneurons/TCF4_ChIP-seq/ENCODE2021_ChIPseq/peak/rep1/pseudorep2/ENCFF752LTA.pr2_x_ctl.pooled.270M.300K.bfilt.regionPeak.starch	None
Peak/Replicate 2/Pseudoreplicate 2/Blacklist-filtered narrowpeak (starch)	/projects/pfenninggroup/mouseCxStr/PTHS_interneurons/TCF4_ChIP-seq/ENCODE2021_ChIPseq/peak/rep2/pseudorep2/ENCFF752LTA.pr2_x_ctl.pooled.270M.300K.bfilt.regionPeak.starch	None
Peak/Replicate 1/Pseudoreplicate 2/Blacklist-filtered narrowpeak (hammock)	/projects/pfenninggroup/mouseCxStr/PTHS_interneurons/TCF4_ChIP-seq/ENCODE2021_ChIPseq/peak/rep1/pseudorep2/ENCFF752LTA.pr2_x_ctl.pooled.270M.300K.bfilt.regionPeak.hammock.gz	None
Peak/Replicate 2/Pseudoreplicate 2/Blacklist-filtered narrowpeak (hammock)	/projects/pfenninggroup/mouseCxStr/PTHS_interneurons/TCF4_ChIP-seq/ENCODE2021_ChIPseq/peak/rep2/pseudorep2/ENCFF752LTA.pr2_x_ctl.pooled.270M.300K.bfilt.regionPeak.hammock.gz	None
QC and logs/Replicate 1/Pseudoreplicate 2/Fraction of peaks in reads	/projects/pfenninggroup/mouseCxStr/PTHS_interneurons/TCF4_ChIP-seq/ENCODE2021_ChIPseq/qc/rep1/pseudorep2/ENCFF752LTA.pr2_x_ctl.pooled.270M.300K.bfilt.frip.qc	None
QC and logs/Replicate 2/Pseudoreplicate 2/Fraction of peaks in reads	/projects/pfenninggroup/mouseCxStr/PTHS_interneurons/TCF4_ChIP-seq/ENCODE2021_ChIPseq/qc/rep2/pseudorep2/ENCFF752LTA.pr2_x_ctl.pooled.270M.300K.bfilt.frip.qc	None
Peak/Pooled replicate/Raw narrowpeak	/projects/pfenninggroup/mouseCxStr/PTHS_interneurons/TCF4_ChIP-seq/ENCODE2021_ChIPseq/peak/pooled-rep/rep.pooled_x_ctl.pooled.300K.regionPeak.gz	None
Peak/Pooled replicate/Blacklist-filtered narrowpeak	/projects/pfenninggroup/mouseCxStr/PTHS_interneurons/TCF4_ChIP-seq/ENCODE2021_ChIPseq/peak/pooled-rep/rep.pooled_x_ctl.pooled.300K.bfilt.regionPeak.gz	None
Peak/Pooled replicate/Blacklist-filtered narrowpeak (BigBed)	/projects/pfenninggroup/mouseCxStr/PTHS_interneurons/TCF4_ChIP-seq/ENCODE2021_ChIPseq/peak/pooled-rep/rep.pooled_x_ctl.pooled.300K.bfilt.regionPeak.bb	None
Peak/Pooled replicate/Blacklist-filtered narrowpeak (starch)	/projects/pfenninggroup/mouseCxStr/PTHS_interneurons/TCF4_ChIP-seq/ENCODE2021_ChIPseq/peak/pooled-rep/rep.pooled_x_ctl.pooled.300K.bfilt.regionPeak.starch	None
Peak/Pooled replicate/Blacklist-filtered narrowpeak (hammock)	/projects/pfenninggroup/mouseCxStr/PTHS_interneurons/TCF4_ChIP-seq/ENCODE2021_ChIPseq/peak/pooled-rep/rep.pooled_x_ctl.pooled.300K.bfilt.regionPeak.hammock.gz	None
QC and logs/Pooled replicate/Fraction of peaks in reads	/projects/pfenninggroup/mouseCxStr/PTHS_interneurons/TCF4_ChIP-seq/ENCODE2021_ChIPseq/qc/pooled-rep/rep.pooled_x_ctl.pooled.300K.bfilt.frip.qc	None
Peak/Pooled replicate/Pseudoreplicate 1/Raw narrowpeak	/projects/pfenninggroup/mouseCxStr/PTHS_interneurons/TCF4_ChIP-seq/ENCODE2021_ChIPseq/peak/pooled-rep/pseudorep1/rep-pr1.pooled_x_ctl.pooled.300K.regionPeak.gz	None
Peak/Pooled replicate/Pseudoreplicate 1/Blacklist-filtered narrowpeak	/projects/pfenninggroup/mouseCxStr/PTHS_interneurons/TCF4_ChIP-seq/ENCODE2021_ChIPseq/peak/pooled-rep/pseudorep1/rep-pr1.pooled_x_ctl.pooled.300K.bfilt.regionPeak.gz	None
Peak/Pooled replicate/Pseudoreplicate 1/Blacklist-filtered narrowpeak (BigBed)	/projects/pfenninggroup/mouseCxStr/PTHS_interneurons/TCF4_ChIP-seq/ENCODE2021_ChIPseq/peak/pooled-rep/pseudorep1/rep-pr1.pooled_x_ctl.pooled.300K.bfilt.regionPeak.bb	None
Peak/Pooled replicate/Pseudoreplicate 1/Blacklist-filtered narrowpeak (starch)	/projects/pfenninggroup/mouseCxStr/PTHS_interneurons/TCF4_ChIP-seq/ENCODE2021_ChIPseq/peak/pooled-rep/pseudorep1/rep-pr1.pooled_x_ctl.pooled.300K.bfilt.regionPeak.starch	None
Peak/Pooled replicate/Pseudoreplicate 1/Blacklist-filtered narrowpeak (hammock)	/projects/pfenninggroup/mouseCxStr/PTHS_interneurons/TCF4_ChIP-seq/ENCODE2021_ChIPseq/peak/pooled-rep/pseudorep1/rep-pr1.pooled_x_ctl.pooled.300K.bfilt.regionPeak.hammock.gz	None
QC and logs/Pooled replicate/Pseudoreplicate 1/Fraction of peaks in reads	/projects/pfenninggroup/mouseCxStr/PTHS_interneurons/TCF4_ChIP-seq/ENCODE2021_ChIPseq/qc/pooled-rep/pseudorep1/rep-pr1.pooled_x_ctl.pooled.300K.bfilt.frip.qc	None
Peak/Pooled replicate/Pseudoreplicate 2/Raw narrowpeak	/projects/pfenninggroup/mouseCxStr/PTHS_interneurons/TCF4_ChIP-seq/ENCODE2021_ChIPseq/peak/pooled-rep/pseudorep2/rep-pr2.pooled_x_ctl.pooled.300K.regionPeak.gz	None
Peak/Pooled replicate/Pseudoreplicate 2/Blacklist-filtered narrowpeak	/projects/pfenninggroup/mouseCxStr/PTHS_interneurons/TCF4_ChIP-seq/ENCODE2021_ChIPseq/peak/pooled-rep/pseudorep2/rep-pr2.pooled_x_ctl.pooled.300K.bfilt.regionPeak.gz	None
Peak/Pooled replicate/Pseudoreplicate 2/Blacklist-filtered narrowpeak (BigBed)	/projects/pfenninggroup/mouseCxStr/PTHS_interneurons/TCF4_ChIP-seq/ENCODE2021_ChIPseq/peak/pooled-rep/pseudorep2/rep-pr2.pooled_x_ctl.pooled.300K.bfilt.regionPeak.bb	None
Peak/Pooled replicate/Pseudoreplicate 2/Blacklist-filtered narrowpeak (starch)	/projects/pfenninggroup/mouseCxStr/PTHS_interneurons/TCF4_ChIP-seq/ENCODE2021_ChIPseq/peak/pooled-rep/pseudorep2/rep-pr2.pooled_x_ctl.pooled.300K.bfilt.regionPeak.starch	None
Peak/Pooled replicate/Pseudoreplicate 2/Blacklist-filtered narrowpeak (hammock)	/projects/pfenninggroup/mouseCxStr/PTHS_interneurons/TCF4_ChIP-seq/ENCODE2021_ChIPseq/peak/pooled-rep/pseudorep2/rep-pr2.pooled_x_ctl.pooled.300K.bfilt.regionPeak.hammock.gz	None
QC and logs/Pooled replicate/Pseudoreplicate 2/Fraction of peaks in reads	/projects/pfenninggroup/mouseCxStr/PTHS_interneurons/TCF4_ChIP-seq/ENCODE2021_ChIPseq/qc/pooled-rep/pseudorep2/rep-pr2.pooled_x_ctl.pooled.300K.bfilt.frip.qc	None
Signal/Replicate 1/MACS2 signal track (p-val)	/projects/pfenninggroup/mouseCxStr/PTHS_interneurons/TCF4_ChIP-seq/ENCODE2021_ChIPseq/signal/rep1/ENCFF752LTA_x_ctl.pooled.270M.pval.signal.bigwig	None
Signal/Replicate 2/MACS2 signal track (p-val)	/projects/pfenninggroup/mouseCxStr/PTHS_interneurons/TCF4_ChIP-seq/ENCODE2021_ChIPseq/signal/rep2/ENCFF752LTA_x_ctl.pooled.270M.pval.signal.bigwig	None
Signal/Replicate 1/MACS2 signal track (fold-enrichment)	/projects/pfenninggroup/mouseCxStr/PTHS_interneurons/TCF4_ChIP-seq/ENCODE2021_ChIPseq/signal/rep1/ENCFF752LTA_x_ctl.pooled.270M.fc.signal.bigwig	None
Signal/Replicate 2/MACS2 signal track (fold-enrichment)	/projects/pfenninggroup/mouseCxStr/PTHS_interneurons/TCF4_ChIP-seq/ENCODE2021_ChIPseq/signal/rep2/ENCFF752LTA_x_ctl.pooled.270M.fc.signal.bigwig	None
Signal/Pooled replicate/MACS2 signal track (p-val)	/projects/pfenninggroup/mouseCxStr/PTHS_interneurons/TCF4_ChIP-seq/ENCODE2021_ChIPseq/signal/pooled-rep/rep.pooled_x_ctl.pooled.pval.signal.bigwig	None
Signal/Pooled replicate/MACS2 signal track (fold-enrichment)	/projects/pfenninggroup/mouseCxStr/PTHS_interneurons/TCF4_ChIP-seq/ENCODE2021_ChIPseq/signal/pooled-rep/rep.pooled_x_ctl.pooled.fc.signal.bigwig	None
Peak/Rep1 vs. rep2/Blacklist-filtered IDR peak	/projects/pfenninggroup/mouseCxStr/PTHS_interneurons/TCF4_ChIP-seq/ENCODE2021_ChIPseq/peak/rep1_vs_rep2/rep1_vs_rep2.idr0.05.bfilt.regionPeak.gz	None
Peak/Rep1 vs. rep2/Blacklist-filtered IDR peak (BigBed)	/projects/pfenninggroup/mouseCxStr/PTHS_interneurons/TCF4_ChIP-seq/ENCODE2021_ChIPseq/peak/rep1_vs_rep2/rep1_vs_rep2.idr0.05.bfilt.regionPeak.bb	None
Peak/Rep1 vs. rep2/Blacklist-filtered IDR peak (starch)	/projects/pfenninggroup/mouseCxStr/PTHS_interneurons/TCF4_ChIP-seq/ENCODE2021_ChIPseq/peak/rep1_vs_rep2/rep1_vs_rep2.idr0.05.bfilt.regionPeak.starch	None
Peak/Rep1 vs. rep2/Blacklist-filtered IDR peak (hammock)	/projects/pfenninggroup/mouseCxStr/PTHS_interneurons/TCF4_ChIP-seq/ENCODE2021_ChIPseq/peak/rep1_vs_rep2/rep1_vs_rep2.idr0.05.bfilt.regionPeak.hammock.gz	None
Peak/Rep1 vs. rep2/Unthresholded raw IDR peak	/projects/pfenninggroup/mouseCxStr/PTHS_interneurons/TCF4_ChIP-seq/ENCODE2021_ChIPseq/peak/rep1_vs_rep2/rep1_vs_rep2.idr0.05.unthresholded-peaks.txt.gz	None
QC and logs/Rep1 vs. vs vs. rep2/IDR plot	/projects/pfenninggroup/mouseCxStr/PTHS_interneurons/TCF4_ChIP-seq/ENCODE2021_ChIPseq/qc/rep1_vs_rep2/rep1_vs_rep2.idr0.05.unthresholded-peaks.txt.png	None
QC and logs/Rep1 vs. vs vs. rep2/IDR log	/projects/pfenninggroup/mouseCxStr/PTHS_interneurons/TCF4_ChIP-seq/ENCODE2021_ChIPseq/qc/rep1_vs_rep2/rep1_vs_rep2.idr0.05.log	None
QC and logs/Rep1 vs. vs vs. rep2/Fraction of IDR peaks in reads	/projects/pfenninggroup/mouseCxStr/PTHS_interneurons/TCF4_ChIP-seq/ENCODE2021_ChIPseq/qc/rep1_vs_rep2/rep1_vs_rep2.idr0.05.bfilt.frip.qc	None
Peak/Pooled pseudoreplicate 1 vs. 2/Blacklist-filtered IDR peak	/projects/pfenninggroup/mouseCxStr/PTHS_interneurons/TCF4_ChIP-seq/ENCODE2021_ChIPseq/peak/pooled-pseudorep1_vs_2/pooled-pr1_vs_pooled-pr2.idr0.05.bfilt.regionPeak.gz	None
Peak/Pooled pseudoreplicate 1 vs. 2/Blacklist-filtered IDR peak (BigBed)	/projects/pfenninggroup/mouseCxStr/PTHS_interneurons/TCF4_ChIP-seq/ENCODE2021_ChIPseq/peak/pooled-pseudorep1_vs_2/pooled-pr1_vs_pooled-pr2.idr0.05.bfilt.regionPeak.bb	None
Peak/Pooled pseudoreplicate 1 vs. 2/Blacklist-filtered IDR peak (starch)	/projects/pfenninggroup/mouseCxStr/PTHS_interneurons/TCF4_ChIP-seq/ENCODE2021_ChIPseq/peak/pooled-pseudorep1_vs_2/pooled-pr1_vs_pooled-pr2.idr0.05.bfilt.regionPeak.starch	None
Peak/Pooled pseudoreplicate 1 vs. 2/Blacklist-filtered IDR peak (hammock)	/projects/pfenninggroup/mouseCxStr/PTHS_interneurons/TCF4_ChIP-seq/ENCODE2021_ChIPseq/peak/pooled-pseudorep1_vs_2/pooled-pr1_vs_pooled-pr2.idr0.05.bfilt.regionPeak.hammock.gz	None
Peak/Pooled pseudoreplicate 1 vs. 2/Unthresholded raw IDR peak	/projects/pfenninggroup/mouseCxStr/PTHS_interneurons/TCF4_ChIP-seq/ENCODE2021_ChIPseq/peak/pooled-pseudorep1_vs_2/pooled-pr1_vs_pooled-pr2.idr0.05.unthresholded-peaks.txt.gz	None
QC and logs/Pooled pseudoreplicate 1 vs. 2/IDR plot	/projects/pfenninggroup/mouseCxStr/PTHS_interneurons/TCF4_ChIP-seq/ENCODE2021_ChIPseq/qc/pooled-pseudorep1_vs_2/pooled-pr1_vs_pooled-pr2.idr0.05.unthresholded-peaks.txt.png	None
QC and logs/Pooled pseudoreplicate 1 vs. 2/IDR log	/projects/pfenninggroup/mouseCxStr/PTHS_interneurons/TCF4_ChIP-seq/ENCODE2021_ChIPseq/qc/pooled-pseudorep1_vs_2/pooled-pr1_vs_pooled-pr2.idr0.05.log	None
QC and logs/Pooled pseudoreplicate 1 vs. 2/Fraction of IDR peaks in reads	/projects/pfenninggroup/mouseCxStr/PTHS_interneurons/TCF4_ChIP-seq/ENCODE2021_ChIPseq/qc/pooled-pseudorep1_vs_2/pooled-pr1_vs_pooled-pr2.idr0.05.bfilt.frip.qc	None
Peak/Replicate 1/Pseudorep 1 vs. pseudorep 2/Blacklist-filtered IDR peak	/projects/pfenninggroup/mouseCxStr/PTHS_interneurons/TCF4_ChIP-seq/ENCODE2021_ChIPseq/peak/rep1-pseudorep1_vs_2/rep1-pr1_vs_rep1-pr2.idr0.05.bfilt.regionPeak.gz	None
Peak/Replicate 2/Pseudorep 1 vs. pseudorep 2/Blacklist-filtered IDR peak	/projects/pfenninggroup/mouseCxStr/PTHS_interneurons/TCF4_ChIP-seq/ENCODE2021_ChIPseq/peak/rep2-pseudorep1_vs_2/rep2-pr1_vs_rep2-pr2.idr0.05.bfilt.regionPeak.gz	None
Peak/Replicate 1/Pseudorep 1 vs. pseudorep 2/Blacklist-filtered IDR peak (BigBed)	/projects/pfenninggroup/mouseCxStr/PTHS_interneurons/TCF4_ChIP-seq/ENCODE2021_ChIPseq/peak/rep1-pseudorep1_vs_2/rep1-pr1_vs_rep1-pr2.idr0.05.bfilt.regionPeak.bb	None
Peak/Replicate 2/Pseudorep 1 vs. pseudorep 2/Blacklist-filtered IDR peak (BigBed)	/projects/pfenninggroup/mouseCxStr/PTHS_interneurons/TCF4_ChIP-seq/ENCODE2021_ChIPseq/peak/rep2-pseudorep1_vs_2/rep2-pr1_vs_rep2-pr2.idr0.05.bfilt.regionPeak.bb	None
Peak/Replicate 1/Pseudorep 1 vs. pseudorep 2/Blacklist-filtered IDR peak (starch)	/projects/pfenninggroup/mouseCxStr/PTHS_interneurons/TCF4_ChIP-seq/ENCODE2021_ChIPseq/peak/rep1-pseudorep1_vs_2/rep1-pr1_vs_rep1-pr2.idr0.05.bfilt.regionPeak.starch	None
Peak/Replicate 2/Pseudorep 1 vs. pseudorep 2/Blacklist-filtered IDR peak (starch)	/projects/pfenninggroup/mouseCxStr/PTHS_interneurons/TCF4_ChIP-seq/ENCODE2021_ChIPseq/peak/rep2-pseudorep1_vs_2/rep2-pr1_vs_rep2-pr2.idr0.05.bfilt.regionPeak.starch	None
Peak/Replicate 1/Pseudorep 1 vs. pseudorep 2/Blacklist-filtered IDR peak (hammock)	/projects/pfenninggroup/mouseCxStr/PTHS_interneurons/TCF4_ChIP-seq/ENCODE2021_ChIPseq/peak/rep1-pseudorep1_vs_2/rep1-pr1_vs_rep1-pr2.idr0.05.bfilt.regionPeak.hammock.gz	None
Peak/Replicate 2/Pseudorep 1 vs. pseudorep 2/Blacklist-filtered IDR peak (hammock)	/projects/pfenninggroup/mouseCxStr/PTHS_interneurons/TCF4_ChIP-seq/ENCODE2021_ChIPseq/peak/rep2-pseudorep1_vs_2/rep2-pr1_vs_rep2-pr2.idr0.05.bfilt.regionPeak.hammock.gz	None
Peak/Replicate 1/Pseudorep 1 vs. pseudorep 2/Unthresholded raw IDR peak	/projects/pfenninggroup/mouseCxStr/PTHS_interneurons/TCF4_ChIP-seq/ENCODE2021_ChIPseq/peak/rep1-pseudorep1_vs_2/rep1-pr1_vs_rep1-pr2.idr0.05.unthresholded-peaks.txt.gz	None
Peak/Replicate 2/Pseudorep 1 vs. pseudorep 2/Unthresholded raw IDR peak	/projects/pfenninggroup/mouseCxStr/PTHS_interneurons/TCF4_ChIP-seq/ENCODE2021_ChIPseq/peak/rep2-pseudorep1_vs_2/rep2-pr1_vs_rep2-pr2.idr0.05.unthresholded-peaks.txt.gz	None
QC and logs/Replicate 1/Pseudorep 1 vs. pseudorep 2/IDR plot	/projects/pfenninggroup/mouseCxStr/PTHS_interneurons/TCF4_ChIP-seq/ENCODE2021_ChIPseq/qc/rep1-pseudorep1_vs_2/rep1-pr1_vs_rep1-pr2.idr0.05.unthresholded-peaks.txt.png	None
QC and logs/Replicate 2/Pseudorep 1 vs. pseudorep 2/IDR plot	/projects/pfenninggroup/mouseCxStr/PTHS_interneurons/TCF4_ChIP-seq/ENCODE2021_ChIPseq/qc/rep2-pseudorep1_vs_2/rep2-pr1_vs_rep2-pr2.idr0.05.unthresholded-peaks.txt.png	None
QC and logs/Replicate 1/Pseudorep 1 vs. pseudorep 2/IDR log	/projects/pfenninggroup/mouseCxStr/PTHS_interneurons/TCF4_ChIP-seq/ENCODE2021_ChIPseq/qc/rep1-pseudorep1_vs_2/rep1-pr1_vs_rep1-pr2.idr0.05.log	None
QC and logs/Replicate 2/Pseudorep 1 vs. pseudorep 2/IDR log	/projects/pfenninggroup/mouseCxStr/PTHS_interneurons/TCF4_ChIP-seq/ENCODE2021_ChIPseq/qc/rep2-pseudorep1_vs_2/rep2-pr1_vs_rep2-pr2.idr0.05.log	None
QC and logs/Replicate 1/Pseudorep 1 vs. pseudorep 2/Fraction of IDR peaks in reads	/projects/pfenninggroup/mouseCxStr/PTHS_interneurons/TCF4_ChIP-seq/ENCODE2021_ChIPseq/qc/rep1-pseudorep1_vs_2/rep1-pr1_vs_rep1-pr2.idr0.05.bfilt.frip.qc	None
QC and logs/Replicate 2/Pseudorep 1 vs. pseudorep 2/Fraction of IDR peaks in reads	/projects/pfenninggroup/mouseCxStr/PTHS_interneurons/TCF4_ChIP-seq/ENCODE2021_ChIPseq/qc/rep2-pseudorep1_vs_2/rep2-pr1_vs_rep2-pr2.idr0.05.bfilt.frip.qc	None
Peak/Rep1 vs. rep2/Blacklist-filtered overlap peak	/projects/pfenninggroup/mouseCxStr/PTHS_interneurons/TCF4_ChIP-seq/ENCODE2021_ChIPseq/peak/rep1_vs_rep2/rep1_vs_rep2.overlap.bfilt.regionPeak.gz	None
Peak/Rep1 vs. rep2/Blacklist-filtered overlap peak (BigBed)	/projects/pfenninggroup/mouseCxStr/PTHS_interneurons/TCF4_ChIP-seq/ENCODE2021_ChIPseq/peak/rep1_vs_rep2/rep1_vs_rep2.overlap.bfilt.regionPeak.bb	None
Peak/Rep1 vs. rep2/Blacklist-filtered overlap peak (starch)	/projects/pfenninggroup/mouseCxStr/PTHS_interneurons/TCF4_ChIP-seq/ENCODE2021_ChIPseq/peak/rep1_vs_rep2/rep1_vs_rep2.overlap.bfilt.regionPeak.starch	None
Peak/Rep1 vs. rep2/Blacklist-filtered overlap peak (hammock)	/projects/pfenninggroup/mouseCxStr/PTHS_interneurons/TCF4_ChIP-seq/ENCODE2021_ChIPseq/peak/rep1_vs_rep2/rep1_vs_rep2.overlap.bfilt.regionPeak.hammock.gz	None
QC and logs/Rep1 vs. vs vs. rep2/Fraction of overlap peaks in reads	/projects/pfenninggroup/mouseCxStr/PTHS_interneurons/TCF4_ChIP-seq/ENCODE2021_ChIPseq/qc/rep1_vs_rep2/rep1_vs_rep2.overlap.bfilt.frip.qc	None
Peak/Pooled pseudoreplicate 1 vs. 2/Blacklist-filtered overlap peak	/projects/pfenninggroup/mouseCxStr/PTHS_interneurons/TCF4_ChIP-seq/ENCODE2021_ChIPseq/peak/pooled-pseudorep1_vs_2/pooled-pr1_vs_pooled-pr2.overlap.bfilt.regionPeak.gz	None
Peak/Pooled pseudoreplicate 1 vs. 2/Blacklist-filtered overlap peak (BigBed)	/projects/pfenninggroup/mouseCxStr/PTHS_interneurons/TCF4_ChIP-seq/ENCODE2021_ChIPseq/peak/pooled-pseudorep1_vs_2/pooled-pr1_vs_pooled-pr2.overlap.bfilt.regionPeak.bb	None
Peak/Pooled pseudoreplicate 1 vs. 2/Blacklist-filtered overlap peak (starch)	/projects/pfenninggroup/mouseCxStr/PTHS_interneurons/TCF4_ChIP-seq/ENCODE2021_ChIPseq/peak/pooled-pseudorep1_vs_2/pooled-pr1_vs_pooled-pr2.overlap.bfilt.regionPeak.starch	None
Peak/Pooled pseudoreplicate 1 vs. 2/Blacklist-filtered overlap peak (hammock)	/projects/pfenninggroup/mouseCxStr/PTHS_interneurons/TCF4_ChIP-seq/ENCODE2021_ChIPseq/peak/pooled-pseudorep1_vs_2/pooled-pr1_vs_pooled-pr2.overlap.bfilt.regionPeak.hammock.gz	None
QC and logs/Pooled pseudoreplicate 1 vs. 2/Fraction of overlap peaks in reads	/projects/pfenninggroup/mouseCxStr/PTHS_interneurons/TCF4_ChIP-seq/ENCODE2021_ChIPseq/qc/pooled-pseudorep1_vs_2/pooled-pr1_vs_pooled-pr2.overlap.bfilt.frip.qc	None
Peak/Replicate 1/Pseudorep 1 vs. pseudorep 2/Blacklist-filtered overlap peak	/projects/pfenninggroup/mouseCxStr/PTHS_interneurons/TCF4_ChIP-seq/ENCODE2021_ChIPseq/peak/rep1-pseudorep1_vs_2/rep1-pr1_vs_rep1-pr2.overlap.bfilt.regionPeak.gz	None
Peak/Replicate 2/Pseudorep 1 vs. pseudorep 2/Blacklist-filtered overlap peak	/projects/pfenninggroup/mouseCxStr/PTHS_interneurons/TCF4_ChIP-seq/ENCODE2021_ChIPseq/peak/rep2-pseudorep1_vs_2/rep2-pr1_vs_rep2-pr2.overlap.bfilt.regionPeak.gz	None
Peak/Replicate 1/Pseudorep 1 vs. pseudorep 2/Blacklist-filtered overlap peak (BigBed)	/projects/pfenninggroup/mouseCxStr/PTHS_interneurons/TCF4_ChIP-seq/ENCODE2021_ChIPseq/peak/rep1-pseudorep1_vs_2/rep1-pr1_vs_rep1-pr2.overlap.bfilt.regionPeak.bb	None
Peak/Replicate 2/Pseudorep 1 vs. pseudorep 2/Blacklist-filtered overlap peak (BigBed)	/projects/pfenninggroup/mouseCxStr/PTHS_interneurons/TCF4_ChIP-seq/ENCODE2021_ChIPseq/peak/rep2-pseudorep1_vs_2/rep2-pr1_vs_rep2-pr2.overlap.bfilt.regionPeak.bb	None
Peak/Replicate 1/Pseudorep 1 vs. pseudorep 2/Blacklist-filtered overlap peak (starch)	/projects/pfenninggroup/mouseCxStr/PTHS_interneurons/TCF4_ChIP-seq/ENCODE2021_ChIPseq/peak/rep1-pseudorep1_vs_2/rep1-pr1_vs_rep1-pr2.overlap.bfilt.regionPeak.starch	None
Peak/Replicate 2/Pseudorep 1 vs. pseudorep 2/Blacklist-filtered overlap peak (starch)	/projects/pfenninggroup/mouseCxStr/PTHS_interneurons/TCF4_ChIP-seq/ENCODE2021_ChIPseq/peak/rep2-pseudorep1_vs_2/rep2-pr1_vs_rep2-pr2.overlap.bfilt.regionPeak.starch	None
Peak/Replicate 1/Pseudorep 1 vs. pseudorep 2/Blacklist-filtered overlap peak (hammock)	/projects/pfenninggroup/mouseCxStr/PTHS_interneurons/TCF4_ChIP-seq/ENCODE2021_ChIPseq/peak/rep1-pseudorep1_vs_2/rep1-pr1_vs_rep1-pr2.overlap.bfilt.regionPeak.hammock.gz	None
Peak/Replicate 2/Pseudorep 1 vs. pseudorep 2/Blacklist-filtered overlap peak (hammock)	/projects/pfenninggroup/mouseCxStr/PTHS_interneurons/TCF4_ChIP-seq/ENCODE2021_ChIPseq/peak/rep2-pseudorep1_vs_2/rep2-pr1_vs_rep2-pr2.overlap.bfilt.regionPeak.hammock.gz	None
QC and logs/Replicate 1/Pseudorep 1 vs. pseudorep 2/Fraction of overlap peaks in reads	/projects/pfenninggroup/mouseCxStr/PTHS_interneurons/TCF4_ChIP-seq/ENCODE2021_ChIPseq/qc/rep1-pseudorep1_vs_2/rep1-pr1_vs_rep1-pr2.overlap.bfilt.frip.qc	None
QC and logs/Replicate 2/Pseudorep 1 vs. pseudorep 2/Fraction of overlap peaks in reads	/projects/pfenninggroup/mouseCxStr/PTHS_interneurons/TCF4_ChIP-seq/ENCODE2021_ChIPseq/qc/rep2-pseudorep1_vs_2/rep2-pr1_vs_rep2-pr2.overlap.bfilt.frip.qc	None
Peak/IDR reproducibility/Optimal peak	/projects/pfenninggroup/mouseCxStr/PTHS_interneurons/TCF4_ChIP-seq/ENCODE2021_ChIPseq/peak/idr_reproducibility/idr.optimal_peak.regionPeak.gz	None
Peak/IDR reproducibility/Optimal peak (BigBed)	/projects/pfenninggroup/mouseCxStr/PTHS_interneurons/TCF4_ChIP-seq/ENCODE2021_ChIPseq/peak/idr_reproducibility/idr.optimal_peak.regionPeak.bb	None
Peak/IDR reproducibility/Optimal peak (starch)	/projects/pfenninggroup/mouseCxStr/PTHS_interneurons/TCF4_ChIP-seq/ENCODE2021_ChIPseq/peak/idr_reproducibility/idr.optimal_peak.regionPeak.starch	None
Peak/IDR reproducibility/Optimal peak (hammock)	/projects/pfenninggroup/mouseCxStr/PTHS_interneurons/TCF4_ChIP-seq/ENCODE2021_ChIPseq/peak/idr_reproducibility/idr.optimal_peak.regionPeak.hammock.gz	None
Peak/IDR reproducibility/Conservative peak	/projects/pfenninggroup/mouseCxStr/PTHS_interneurons/TCF4_ChIP-seq/ENCODE2021_ChIPseq/peak/idr_reproducibility/idr.conservative_peak.regionPeak.gz	None
Peak/IDR reproducibility/Conservative peak (BigBed)	/projects/pfenninggroup/mouseCxStr/PTHS_interneurons/TCF4_ChIP-seq/ENCODE2021_ChIPseq/peak/idr_reproducibility/idr.conservative_peak.regionPeak.bb	None
Peak/IDR reproducibility/Conservative peak (starch)	/projects/pfenninggroup/mouseCxStr/PTHS_interneurons/TCF4_ChIP-seq/ENCODE2021_ChIPseq/peak/idr_reproducibility/idr.conservative_peak.regionPeak.starch	None
Peak/IDR reproducibility/Conservative peak (hammock)	/projects/pfenninggroup/mouseCxStr/PTHS_interneurons/TCF4_ChIP-seq/ENCODE2021_ChIPseq/peak/idr_reproducibility/idr.conservative_peak.regionPeak.hammock.gz	None
QC and logs/Reproducibility QC for overlap peaks	/projects/pfenninggroup/mouseCxStr/PTHS_interneurons/TCF4_ChIP-seq/ENCODE2021_ChIPseq/qc/idr.reproducibility.qc	None
Peak/Overlap reproducibility/Optimal peak	/projects/pfenninggroup/mouseCxStr/PTHS_interneurons/TCF4_ChIP-seq/ENCODE2021_ChIPseq/peak/overlap_reproducibility/overlap.optimal_peak.regionPeak.gz	None
Peak/Overlap reproducibility/Optimal peak (BigBed)	/projects/pfenninggroup/mouseCxStr/PTHS_interneurons/TCF4_ChIP-seq/ENCODE2021_ChIPseq/peak/overlap_reproducibility/overlap.optimal_peak.regionPeak.bb	None
Peak/Overlap reproducibility/Optimal peak (hammock)	/projects/pfenninggroup/mouseCxStr/PTHS_interneurons/TCF4_ChIP-seq/ENCODE2021_ChIPseq/peak/overlap_reproducibility/overlap.optimal_peak.regionPeak.hammock.gz	None
Peak/Overlap reproducibility/Conservative peak	/projects/pfenninggroup/mouseCxStr/PTHS_interneurons/TCF4_ChIP-seq/ENCODE2021_ChIPseq/peak/overlap_reproducibility/overlap.conservative_peak.regionPeak.gz	None
Peak/Overlap reproducibility/Conservative peak (BigBed)	/projects/pfenninggroup/mouseCxStr/PTHS_interneurons/TCF4_ChIP-seq/ENCODE2021_ChIPseq/peak/overlap_reproducibility/overlap.conservative_peak.regionPeak.bb	None
Peak/Overlap reproducibility/Conservative peak (starch)	/projects/pfenninggroup/mouseCxStr/PTHS_interneurons/TCF4_ChIP-seq/ENCODE2021_ChIPseq/peak/overlap_reproducibility/overlap.conservative_peak.regionPeak.starch	None
Peak/Overlap reproducibility/Conservative peak (hammock)	/projects/pfenninggroup/mouseCxStr/PTHS_interneurons/TCF4_ChIP-seq/ENCODE2021_ChIPseq/peak/overlap_reproducibility/overlap.conservative_peak.regionPeak.hammock.gz	None
QC and logs/Reproducibility QC for IDR peaks	/projects/pfenninggroup/mouseCxStr/PTHS_interneurons/TCF4_ChIP-seq/ENCODE2021_ChIPseq/qc/overlap.reproducibility.qc	None
